bucket,proxy,metric,beta_mean,beta_std,beta_min,beta_max
europe_equity,VGK,rolling_12m_beta_vs_spy,0.7994908741273563,0.09981937344216843,0.5578024978935097,0.9483159380752758
asia_ex_japan_equity,AIA,rolling_12m_beta_vs_spy,0.903039544003423,0.12341716450320972,0.714254142570229,1.2005199866571281
japan_equity,EWJ,rolling_12m_beta_vs_spy,0.7252922577018073,0.07869700067173423,0.5684846357028176,0.9667823558610085
us_equity,SPY,rolling_12m_beta_vs_spy,0.9999999999999989,1.3193056819569317e-15,0.9999999999999954,1.0000000000000007
global_ig,AGG,rolling_12m_beta_vs_us_equity_proxy,0.034099937114208084,0.06690171959784368,-0.115463183096725,0.2259445946771242
