window,Current,SAA,TAA Quarterly,TAA Static
covid,-0.1070271225226929,-0.103561510081246,-0.1047128983322671,-0.1085418767441557
q4_2018,-0.1044248809507383,-0.0675692982303759,-0.0741509114175457,-0.0713515822248197
rates_2022,-0.1615602718256567,-0.1702251325625154,-0.1760264595909645,-0.1743439430253278
